{
  "id": "",
  "name": "",
  "font_family": "iconfont",
  "css_prefix_text": "icon-",
  "description": "",
  "glyphs": [
    {
      "icon_id": "1330571",
      "name": "微博",
      "font_class": "weibo",
      "unicode": "e73c",
      "unicode_decimal": 59196
    },
    {
      "icon_id": "3506928",
      "name": "qq",
      "font_class": "qq",
      "unicode": "e50b",
      "unicode_decimal": 58635
    },
    {
      "icon_id": "5427697",
      "name": "微信",
      "font_class": "weixin",
      "unicode": "e620",
      "unicode_decimal": 58912
    },
    {
      "icon_id": "8574987",
      "name": "支付宝",
      "font_class": "zhifubao",
      "unicode": "e60a",
      "unicode_decimal": 58890
    }
  ]
}
